您的年級,您的性別,最喜歡喝的飲料種類
大一,生理女,奶類
大一,生理女,奶類
大一,生理女,一般茶類
大一,生理女,鮮果茶類
大二,生理女,奶類
大一,生理女,一般茶類
大一,生理女,咖啡類
大一,生理女,奶類
大一,生理女,一般茶類
大一,生理女,一般茶類
大一,生理女,奶類
大一,生理女,奶類
大一,生理女,奶類
大一,生理女,一般茶類
大一,生理女,一般茶類
大一,生理女,鮮果茶類
大一,生理女,一般茶類
大一,生理女,一般茶類
大一,生理女,奶類
大一,生理女,奶類
大一,生理女,奶類
大一,生理女,奶類
大一,生理女,奶類
大一,生理女,一般茶類
大一,生理女,奶類
大一,生理女,奶類
大一,生理女,奶類
大一,生理女,一般茶類
大二,生理女,奶類
大一,生理女,一般茶類
大一,生理女,鮮果茶類
大二,生理女,一般茶類
大一,生理女,奶類
大一,生理女,奶類
大二,生理女,奶類
大一,生理女,一般茶類
大二,生理女,鮮果茶類
大一,生理女,奶類
大一,生理女,一般茶類
大一,生理女,奶類
大一,生理女,一般茶類
大一,生理女,一般茶類
大一,生理女,奶類
大三,生理女,一般茶類
大三,生理女,鮮果茶類
大一,生理女,奶類
大五以上,生理女,一般茶類
大三,生理女,一般茶類
大三,生理女,鮮果茶類
大一,生理女,奶類
大一,生理女,一般茶類
大三,生理女,一般茶類
大三,生理女,奶類
大二,生理女,奶類
大三,生理女,一般茶類
大一,生理女,奶類
大一,生理女,奶類
大三,生理女,一般茶類
大一,生理女,奶類
大一,生理女,奶類
大一,生理女,奶類
大一,生理女,一般茶類
大一,生理女,一般茶類
大一,生理女,奶類
大三,生理女,奶類
大一,生理男,奶類
大一,生理男,鮮果茶類
大一,生理男,一般茶類
大一,生理男,奶類
大一,生理男,一般茶類
大一,生理男,奶類
大一,生理男,鮮果茶類
大一,生理男,奶類
大二,生理男,奶類
大一,生理男,鮮果茶類
大一,生理男,奶類
大一,生理男,一般茶類
大三,生理男,奶類
大一,生理男,QQㄋㄟㄋㄟ好喝到咩噗茶
大一,生理男,鮮果茶類
大一,生理男,奶類
大三,生理男,一般茶類
大一,生理男,奶類
大一,生理男,奶類
大一,生理男,鮮果茶類
大一,生理男,一般茶類
大一,生理男,奶類
大一,生理男,一般茶類
大一,生理男,奶類
大一,生理男,奶類
大二,生理男,奶類
大二,生理男,一般茶類
大一,生理男,鮮果茶類
大一,生理男,以上皆是
大一,生理男,奶類
大一,生理男,奶類
大一,生理男,奶類
大一,生理男,一般茶類
大一,生理男,奶類
大一,生理男,奶類
大一,生理男,奶類
大一,生理男,奶類
大二,生理男,奶類
大三,生理男,一般茶類
大一,生理男,奶類
大一,生理男,奶類
大三,生理男,奶類
大一,生理男,一般茶類
大一,生理男,一般茶類
大二,生理男,奶類
大二,生理男,奶類
大一,生理男,奶類
大一,生理男,一般茶類
大一,生理男,鮮果茶類
大一,生理男,奶類
大二,生理男,鮮果茶類
大五以上,生理男,一般茶類
大一,生理男,一般茶類
大一,生理女,奶類
